{
    "ftp.belnet.be": 3.7500145829789253,
    "ftp.jaist.ac.jp": 45.58904540605909,
    "mirror.pop-sc.rnp.br": 3.544367433855265,
    "mirrors.mit.edu": 6.455772672480969,
    "mirrorservice.org": 3.7525730917810614,
    "releases.ubuntu.com": 3.6397104329859458,
    "ubuntu.ipacct.com": 2.0713551830033246,
    "ubuntutym2.u-toyama.ac.jp": 58.77454775159668
}